contagion_id,infected_person_id,contagion_place_id,contagion_date
1,42,48,10/22/2020
2,42,13,10/06/2021
3,34,99,06/26/2021
4,96,70,09/07/2021
5,35,5,08/10/2021
6,93,38,11/18/2020
7,22,20,07/28/2021
8,80,28,10/22/2020
9,73,31,02/02/2021
10,12,89,12/09/2020
11,86,26,05/15/2021
12,3,83,12/29/2020
13,12,15,08/17/2021
14,70,94,12/12/2020
15,10,14,09/17/2021
16,97,48,07/31/2021
17,89,48,01/22/2021
18,81,41,12/18/2020
19,3,23,01/15/2021
20,2,70,08/14/2021
21,88,53,10/07/2021
22,26,21,08/13/2021
23,48,5,11/13/2020
24,45,41,02/28/2021
25,57,56,05/01/2021
26,84,47,03/13/2021
27,50,93,04/26/2021
28,78,23,04/14/2021
29,56,25,07/07/2021
30,32,97,02/09/2021
31,49,49,04/06/2021
32,65,5,01/28/2021
33,8,75,03/21/2021
34,51,64,05/04/2021
35,2,26,12/07/2020
36,32,17,11/23/2020
37,34,59,04/04/2021
38,63,60,08/04/2021
39,97,38,12/09/2020
40,31,44,09/08/2021
41,84,55,06/30/2021
42,11,48,08/21/2021
43,84,53,03/24/2021
44,52,10,11/10/2020
45,5,72,04/30/2021
46,36,68,03/18/2021
47,15,17,12/16/2020
48,62,70,09/06/2021
49,60,9,11/19/2020
50,45,90,04/06/2021
51,21,20,10/09/2021
52,75,86,11/19/2020
53,61,35,09/16/2021
54,60,36,03/17/2021
55,24,62,12/06/2020
56,47,88,11/04/2020
57,9,33,10/08/2021
58,83,73,11/06/2020
59,99,87,05/04/2021
60,86,67,11/28/2020
61,86,82,11/25/2020
62,2,13,07/27/2021
63,68,61,10/04/2021
64,20,38,01/03/2021
65,21,82,05/20/2021
66,56,9,11/16/2020
67,34,6,04/05/2021
68,64,46,06/01/2021
69,82,10,07/25/2021
70,55,45,01/09/2021
71,48,55,05/07/2021
72,11,47,08/19/2021
73,16,63,01/26/2021
74,17,53,03/09/2021
75,13,46,06/13/2021
76,87,90,10/15/2021
77,49,45,03/09/2021
78,94,81,10/11/2021
79,29,29,05/03/2021
80,41,5,08/22/2021
81,84,86,05/13/2021
82,95,59,03/13/2021
83,63,100,09/04/2021
84,72,56,03/10/2021
85,26,6,09/18/2021
86,98,43,02/14/2021
87,74,7,05/26/2021
88,36,75,09/30/2021
89,64,4,01/17/2021
90,67,43,10/07/2020
91,20,68,12/15/2020
92,65,73,08/21/2021
93,86,38,03/01/2021
94,45,4,10/29/2020
95,34,54,06/21/2021
96,81,24,09/21/2021
97,69,76,11/23/2020
98,25,86,09/05/2021
99,43,91,12/12/2020
100,36,81,12/28/2020
